{
    "dust": 2.33072948361,
    "dewpoint": -15.8359541483,
    "seeing": -1,
    "humidity": 10.0,
    "solarimeter": 929.0,
    "software_version": "1.4 (git-63a70e3)",
    "pressure": 772.60716,
    "temperature": 15.9444444444
}

